Producto,Precio
Codex: Space Marines (Inglés),"45,00 €"
Patrulla de Marines Espaciales,"125,00 €"
Kill Team: Escuadra de Exploradores,"55,00 €"
Héroes del Capítulo,"85,00 €"
Capitán con armadura Exterminador,"34,00 €"
Escuadra Infernus,"45,00 €"
Bibliotecario en armadura Exterminador,"31,50 €"
Commander Dante,"35,00 €"
"Azrael, Gran Maestre Supremo","35,00 €"
Capitán Messinius,"32,50 €"
Kill Team: Asaltante Phobos,"55,00 €"
Mariscal de los Templarios Negros,"30,00 €"
Castellano de los Templarios Negros,"30,00 €"
Capellán Grimaldus y Séquito,"42,50 €"
Gran Mariscal Helbrecht,"42,50 €"
Hermanos de Armas de los Templarios Negros,"50,00 €"
Escuadra de Cruzados de los Templarios Negros,"50,00 €"
Capellán de los Marines Espaciales,"30,00 €"
Intercesores pesados,"55,00 €"
Capitán con rifle bólter pesado artesanal,"32,50 €"
Marines Espaciales: Laureados del Capítulo,"125,00 €"
Capitán Uriel Ventris,"32,50 €"
Escuadra de Exterminadores del Ala de Muerte,"50,00 €"
Caballeros del Ala de Muerte,"50,00 €"
Escuadra de mando del Ala de Muerte,"50,00 €"
Maestre Lazarus,"35,00 €"
Erradicadores Primaris,"45,00 €"
Guardahojas Veteranos,"45,00 €"
Sanguinary Priest,"30,00 €"
Sanguinary Guard,"45,00 €"
Death Company,"35,00 €"
Blood Angels Chaplain With Jump Pack,"30,00 €"
Mephiston,"35,00 €"
Intercesores de Asalto,"50,00 €"
Intercesores de la Compañía de la Muerte de los Ángeles Sangrientos,"42,50 €"
Ulrik the Slayer,"30,00 €"
Cazadores Grises,"45,00 €"
Iron Priest,"30,00 €"
Señor Vigía,"30,00 €"
Veteranos,"35,00 €"
Wulfen,"50,00 €"
Wolf Guard Terminators,"50,00 €"
Tecnomarine Primaris,"32,50 €"
Padre de Hierro Feirros,"35,00 €"
Adrax Agatone,"35,00 €"
Tactical Squad,"45,00 €"
Eliminators,"45,00 €"
Marneus Calgar con Guardia de Honor Victrix,"50,00 €"
Tor Garadon,"35,00 €"
Primaris Reivers,"50,00 €"
Primaris Captain,"32,50 €"
Bibliotecario Jefe Tigurius,"35,00 €"
Primaris Inceptors,"45,00 €"
Escuadra de Asalto de Exterminadores,"50,00 €"
Kor'sarro Khan,"35,00 €"
Primaris Chaplain,"32,50 €"
Primaris Aggressors,"45,00 €"
Primaris Librarian,"32,50 €"
Primaris Lieutenant en armadura Reiver,"30,00 €"
Escuadra Devastadora Centurión de los Marines Espaciales,"65,00 €"
Escuadra de Asalto Centurión de los Marines Espaciales,"65,00 €"
Primaris Infiltrators,"50,00 €"
Primaris Incursors,"50,00 €"
Vanguard Veteran Squad,"45,00 €"
Devastator Squad,"50,00 €"
Devastator Squad,"50,00 €"
Devastator Squad,"50,00 €"
Primaris Librarian en armadura Phobos,"30,00 €"
Capitán en armadura Phobos,"32,50 €"
Primaris Lieutenant con espada de energía,"30,00 €"
Primaris Apothecary,"32,50 €"
Veteranos de Compañía,"30,00 €"
Primaris Intercessors,"50,00 €"
Primaris Hellblasters,"50,00 €"
Kill Team Cassius,"55,00 €"
Wolf Lord Krom,"27,00 €"
Blood Angels Terminator Assault Squad,"50,00 €"
Capellán con armadura Exterminador,"34,00 €"
Escuadra de Exterminadores,"55,00 €"
Capitán con propulsor de salto,"32,50 €"
Intercesores con propulsor de salto,"45,00 €"
Escuadra de Veteranos de Retaguardia,"50,00 €"
Héroes de Compañía,"55,00 €"
Escuadra de Desoladores,"45,00 €"
Teniente de los Marines Espaciales,"30,00 €"
Dreadnought Ballistus,"55,00 €"
Predator Baal,"55,00 €"
Lion El'Jonson,"55,00 €"
Predator Annihilator,"55,00 €"
Capitán en armadura Gravis,"32,50 €"
Anciano Primaris,"32,50 €"
Patrulla de combate: Templarios Negros,"125,00 €"
Caballeros Negros del Ala de Cuervo,"50,00 €"
Storm Speeder Thunderstrike,"60,00 €"
Storm Speeder Hammerstrike,"60,00 €"
Patrulla: Dark Angels,"125,00 €"
Storm Speeder Hailstrike,"60,00 €"
Gladiator Lancero,"70,00 €"
Gladiator Segador,"70,00 €"
Pack de mejora Blood Angels,"12,00 €"
Mejoras para Blood Angels Primaris,"12,00 €"
Patrulla de Combate: Blood Angels,"125,00 €"
Space Wolves Venerable Dreadnought,"50,00 €"
Pack de mejoras Space Wolves,"12,00 €"
Space Wolves Primaris Upgrades,"12,00 €"
Fenrisian Wolves,"32,50 €"
Murderfang,"50,00 €"
Furioso Dreadnought,"50,00 €"
Mejoras de los Vigías de la Muerte,"12,00 €"
Librarian Dreadnought,"50,00 €"
Dreadnought de la Compañía de la Muerte,"50,00 €"
Bjorn the Fell-Handed,"50,00 €"
Thunderwolf Cavalry,"50,00 €"
Patrulla: Deathwatch,"125,00 €"
Patrulla: Space Wolves,"125,00 €"
Incursores,"50,00 €"
Gladiator Valiant,"70,00 €"
Sabuesos de Morkai,"42,50 €"
Ragnar Blackmane,"35,00 €"
Torreta de Desembarco Hammerfall,"55,00 €"
Primaris Repulsor Executioner,"87,50 €"
Predator Destructor,"55,00 €"
Capellán Primaris en moto,"42,50 €"
Servotorreta Firestrike Primaris,"30,00 €"
Escuadra de Quads Invader,"40,00 €"
Kayvaan Shrike,"35,00 €"
Primaris Redemptor Dreadnought,"60,00 €"
Mejoras y calcomanías de Salamanders Primaris,"22,00 €"
Roboute Guilliman,"55,00 €"
Primaris Impulsor,"65,00 €"
Mejoras y calcomanías de Primaris White Scars,"22,00 €"
Pack de mejora Ultramarines,"12,00 €"
Mejoras de Ultramarines para Primaris,"14,50 €"
Mejoras y calcomanías de Primaris Raven Guard,"22,00 €"
Mejoras y calcomanías de Primaris Iron Hands,"22,00 €"
Mejoras y calcomanías de Imperial Fists Primaris,"22,00 €"
Drop Pod,"42,50 €"
Vindicator,"55,00 €"
Primaris Invictor Tactical Warsuit,"55,00 €"
Mejoras para Dark Angels Primaris,"12,00 €"
Mortaja del Ala de Cuervo,"60,00 €"
Caza Nephilim,"65,00 €"
Land Speeder Venganza,"60,00 €"
Espolón del Ala de Cuervo,"65,00 €"
Templarios Negros: Mejoras y calcomanías,"27,00 €"
Marines Espaciales: Fuerza Punta de lanza,"180,00 €"
Dreadnought Brutalis,"62,50 €"
Contingente de vanguardia,"110,00 €"
Teniente con escudo de tormenta,"30,00 €"
Iron Hands - Iron-Father,"40,50 €"
MKIV Command Set,"45,00 €"
Dark Angels Chapter Ancient,"23,00 €"
"Lemartes, Guardián de los Perdidos","23,00 €"
"El Sanguinor, Campeón de la Hueste","23,00 €"
Salamanders Captain Vulkan He'stan,"23,00 €"
Arjac Rockfist,"23,00 €"
Njal Stormcaller (armadura de Terminator),"23,00 €"
Astorath el Siniestro,"23,00 €"
"Ezekiel, Gran Maestre de los Bibliotecarios","24,00 €"
"Warhammer 40,000 Ultimate Starter Set (Inglés)","160,00 €"
"Warhammer 40,000 Introductory Set (Inglés)","55,00 €"
"Caja de inicio definitiva de Warhammer 40,000","160,00 €"
"Set introductorio de Warhammer 40,000","55,00 €"
Index: Deathwatch (Inglés),"12,00 €"
Index: Blood Angels (Inglés),"12,00 €"
Index: Deathwatch (Español),"12,00 €"
Index: Space Wolves (Español),"14,50 €"
Index: Dark Angels (Español),"12,00 €"
Index: Blood Angels (Español),"12,00 €"
Index: Black Templars (Español),"12,00 €"
Legion Thunderhawk Gunship,"710,00 €"
Imperial Fists MKIII Upgrade Set - Veteran Heads,"20,00 €"
Iron Hands Legion Upgrade Set - Heads,"20,00 €"
Salamanders Legion MKIII Shoulder Pads,"19,50 €"
Legion Phobos Chainaxe Set,"24,50 €"
Legion MKIII Command Upgrade Set,"19,50 €"
Cyberwolf,"17,00 €"
Sammael,"45,00 €"
Canis Wolfborn,"45,00 €"
Datasheet Cards: Space Marines (Inglés),"32,50 €"
Tarjetas de unidad: Space Marines,"32,50 €"
Codex: Space Marines,"45,00 €"
Castellan Crowe,"35,00 €"
Escuadra de Purificadores de los Caballeros Grises,"55,00 €"
Escuadra de Purgadores,"55,00 €"
Escuadra de Interceptores de los Caballeros Grises,"55,00 €"
Grey Knights Terminator Squad,"45,00 €"
Paladines de los Caballeros Grises,"45,00 €"
Grey Knights Strike Squad,"55,00 €"
Grand Master Voldus,"31,50 €"
Patrulla: Caballeros Grises,"125,00 €"
Rhino,"42,50 €"
Razorback,"42,50 €"
Venerable Dreadnought,"50,00 €"
Stormtalon Gunship,"50,00 €"
Stormhawk Interceptor,"50,00 €"
Servoterror Némesis,"55,00 €"
Land Raider,"70,00 €"
Index: Grey Knights (Inglés),"14,50 €"
Index: Grey Knights (Español),"14,50 €"
Paladín del Emperador,"32,50 €"
Honour Guard de Ultramarines,"42,50 €"
Teniente Primaris Zakariah,"24,00 €"
Dark Angels Interrogator-Chaplain,"27,00 €"
Space Wolves Blood Claws,"45,00 €"
Blood Angels Librarian en Armadura de Terminator,"27,00 €"
Asalto del Ala de Muerte,"175,00 €"
Accesorios Ala de Cuervo Ángeles Oscuros,"12,00 €"
Stormwolf,"70,00 €"
Stormfang Gunship,"70,00 €"
Corvus Blackstar,"70,00 €"
Primaris Repulsor,"70,00 €"
Mejoras de los Ángeles Oscuros,"12,00 €"
Logan Grimnar en Stormrider,"55,00 €"
Retrorreactores Marines Espaciales,"8,00 €"
Whirlwind,"55,00 €"
Escuadrón de Motocicletas del Ala de Cuervo,"42,50 €"
Capitán con escudo reliquia,"32,50 €"
MKIII Command Set,"45,00 €"
Legion Praetors,"56,00 €"
Belial,"23,00 €"
Rune Priest,"23,00 €"
"Warhammer 40,000 Starter Set (Inglés)","85,00 €"
"Caja de inicio de Warhammer 40,000","85,00 €"
Index: Space Wolves (Inglés),"14,50 €"
Index: Dark Angels (Inglés),"12,00 €"
Index: Black Templars (Inglés),"12,00 €"
Index: Space Marines (Español),"20,00 €"
Astraeus Super-heavy Tank,"325,00 €"
Salamanders Upgrade Set - Heads,"20,00 €"
Legion MKII Power Weapon Set,"38,00 €"
Iron Hands Legion MKIII Shoulder Pads,"19,50 €"
Legion MKIV Power Weapons Set,"38,00 €"
Wolf Lord on Thunderwolf,"40,00 €"
Cañonera Stormraven,"90,00 €"
Land Raider Redeemer,"87,50 €"
Land Raider Crusader,"87,50 €"
Hermano Capitán de los Caballeros Grises,"23,00 €"
Lord Kaldor Draigo,"23,00 €"
Grey Knights Land Raider Redeemer,"112,00 €"
